"","year","school","talent"
"1",2015,"Alabama","981.90"
"2",2015,"USC","926.71"
"3",2015,"Ohio State","907.32"
"4",2015,"Florida State","889.92"
"5",2015,"LSU","889.37"
"6",2015,"Georgia","877.74"
"7",2015,"Auburn","865.41"
"8",2015,"Notre Dame","857.33"
"9",2015,"Michigan","851.12"
"10",2015,"Texas A&M","830.34"
"11",2015,"Texas","821.26"
"12",2015,"Tennessee","810.53"
"13",2015,"Clemson","807.56"
"14",2015,"UCLA","793.22"
"15",2015,"Florida","789.79"
"16",2015,"Oklahoma","775.90"
"17",2015,"Miami","773.23"
"18",2015,"Stanford","765.98"
"19",2015,"Ole Miss","764.34"
"20",2015,"Oregon","757.52"
"21",2015,"Penn State","732.36"
"22",2015,"South Carolina","725.72"
"23",2015,"Michigan State","715.30"
"24",2015,"Nebraska","699.89"
"25",2015,"Arkansas","695.04"
"26",2015,"North Carolina","683.03"
"27",2015,"Arizona State","680.87"
"28",2015,"Mississippi State","680.06"
"29",2015,"Washington","667.45"
"30",2015,"Virginia","667.05"
"31",2015,"Baylor","660.35"
"32",2015,"Virginia Tech","658.38"
"33",2015,"Oklahoma State","651.83"
"34",2015,"Missouri","642.93"
"35",2015,"Texas Tech","641.07"
"36",2015,"Louisville","641.05"
"37",2015,"Wisconsin","635.77"
"38",2015,"Kentucky","634.52"
"39",2015,"TCU","630.38"
"40",2015,"California","626.00"
"41",2015,"West Virginia","625.85"
"42",2015,"Pittsburgh","611.18"
"43",2015,"NC State","610.33"
"44",2015,"Vanderbilt","609.76"
"45",2015,"Arizona","606.92"
"46",2015,"Maryland","603.76"
"47",2015,"Rutgers","602.35"
"48",2015,"Northwestern","595.75"
"49",2015,"Georgia Tech","590.34"
"50",2015,"Utah","574.41"
"51",2015,"Iowa","573.06"
"52",2015,"Boise State","568.96"
"53",2015,"Duke","563.19"
"54",2015,"Indiana","559.08"
"55",2015,"Oregon State","544.66"
"56",2015,"Colorado","542.06"
"57",2015,"Washington State","540.86"
"58",2015,"Boston College","534.60"
"59",2015,"Purdue","534.26"
"60",2015,"Illinois","530.96"
"61",2015,"South Florida","529.65"
"62",2015,"Iowa State","529.12"
"63",2015,"BYU","521.43"
"64",2015,"Minnesota","516.10"
"65",2015,"Houston","511.45"
"66",2015,"Syracuse","508.80"
"67",2015,"Kansas State","503.64"
"68",2015,"Kansas","499.97"
"69",2015,"Wake Forest","497.48"
"70",2015,"San Diego State","494.77"
"71",2015,"Cincinnati","494.65"
"72",2015,"Marshall","489.77"
"73",2015,"UCF","484.54"
"74",2015,"Southern Mississippi","470.84"
"75",2015,"SMU","446.83"
"76",2015,"Western Michigan","442.13"
"77",2015,"Louisiana Tech","437.99"
"78",2015,"Bowling Green","433.59"
"79",2015,"Louisiana","430.17"
"80",2015,"Toledo","429.03"
"81",2015,"Akron","412.65"
"82",2015,"Middle Tennessee","409.82"
"83",2015,"Tulane","408.22"
"84",2015,"Arkansas State","408.08"
"85",2015,"Temple","405.92"
"86",2015,"Tulsa","404.03"
"87",2015,"East Carolina","403.62"
"88",2015,"Fresno State","402.58"
"89",2015,"Connecticut","402.23"
"90",2015,"Florida Atlantic","401.61"
"91",2015,"Rice","399.58"
"92",2015,"Miami (OH)","397.13"
"93",2015,"Georgia Southern","391.18"
"94",2015,"Colorado State","389.10"
"95",2015,"Hawai'i","385.63"
"96",2015,"Memphis","381.80"
"97",2015,"Northern Illinois","380.69"
"98",2015,"North Texas","380.69"
"99",2015,"Nevada","380.53"
"100",2015,"San José State","379.60"
"101",2015,"Central Michigan","376.81"
"102",2015,"South Alabama","367.16"
"103",2015,"Texas State","360.49"
"104",2015,"Florida International","360.11"
"105",2015,"UT San Antonio","356.37"
"106",2015,"Western Kentucky","353.50"
"107",2015,"Ball State","349.94"
"108",2015,"New Mexico","341.72"
"109",2015,"Eastern Michigan","341.36"
"110",2015,"Kent State","338.40"
"111",2015,"Georgia State","335.67"
"112",2015,"Troy","335.43"
"113",2015,"UNLV","332.69"
"114",2015,"Utah State","331.44"
"115",2015,"Ohio","330.61"
"116",2015,"UMass","323.73"
"117",2015,"Old Dominion","319.60"
"118",2015,"Buffalo","316.44"
"119",2015,"Wyoming","314.72"
"120",2015,"Appalachian State","312.88"
"121",2015,"Navy","306.87"
"122",2015,"Charlotte","304.05"
"123",2015,"Louisiana Monroe","292.73"
"124",2015,"Idaho","262.39"
"125",2015,"UTEP","256.12"
"126",2015,"New Mexico State","251.16"
"127",2015,"UAB","236.34"
"128",2015,"Northern Iowa","202.77"
"129",2015,"Army","186.45"
"130",2015,"Yale","181.76"
"131",2015,"Jacksonville State","173.32"
"132",2015,"Chattanooga","137.06"
"133",2015,"Portland State","123.61"
"134",2015,"Youngstown State","116.79"
"135",2015,"Bethune-Cookman","116.09"
"136",2015,"South Carolina State","105.01"
"137",2015,"Stephen F. Austin","103.72"
"138",2015,"Cal Poly","97.73"
"139",2015,"Samford","95.68"
"140",2015,"Illinois State","92.42"
"141",2015,"Murray State","89.72"
"142",2015,"James Madison","84.74"
"143",2015,"North Dakota State","82.26"
"144",2015,"Jackson State","78.26"
"145",2015,"Indiana State","74.60"
"146",2015,"Tennessee State","74.37"
"147",2015,"Towson","74.05"
"148",2015,"Pennsylvania","73.07"
"149",2015,"Air Force","70.95"
"150",2015,"Northern Arizona","68.35"
"151",2015,"Abilene Christian","66.43"
"152",2015,"Montana","64.46"
"153",2015,"Wagner","64.14"
"154",2015,"UT Martin","62.12"
"155",2015,"Stony Brook","61.96"
"156",2015,"Furman","61.89"
"157",2015,"Southern Illinois","60.76"
"158",2015,"Hampton","58.39"
"159",2015,"Southeastern Louisiana","58.08"
"160",2015,"Villanova","57.42"
"161",2015,"Valparaiso","56.37"
"162",2015,"Western Illinois","51.28"
"163",2015,"McNeese","51.19"
"164",2015,"Duquesne","50.43"
"165",2015,"Charleston Southern","48.43"
"166",2015,"The Citadel","47.12"
"167",2015,"Eastern Illinois","46.56"
"168",2015,"Eastern Kentucky","46.50"
"169",2015,"Richmond","46.34"
"170",2015,"Eastern Washington","45.10"
"171",2015,"Texas Southern","43.10"
"172",2015,"Grambling","41.62"
"173",2015,"Coastal Carolina","41.50"
"174",2015,"Houston Baptist","39.71"
"175",2015,"Southern","37.48"
"176",2015,"Sacramento State","37.46"
"177",2015,"Rhode Island","37.17"
"178",2015,"Austin Peay","36.99"
"179",2015,"Fordham","36.98"
"180",2015,"Northern Colorado","36.95"
"181",2015,"Central Arkansas","35.29"
"182",2015,"Mercer","35.02"
"183",2015,"Norfolk State","32.59"
"184",2015,"Tennessee Tech","31.74"
"185",2015,"VMI","31.43"
"186",2015,"Campbell","31.21"
"187",2015,"Harvard","30.49"
"188",2015,"Southeast Missouri State","29.79"
"189",2015,"Cornell","29.11"
"190",2015,"Northwestern State","28.02"
"191",2015,"Presbyterian College","25.63"
"192",2015,"Delaware State","25.26"
"193",2015,"South Dakota State","25.25"
"194",2015,"Lamar","24.84"
"195",2015,"Nicholls","24.71"
"196",2015,"Alabama State","24.46"
"197",2015,"Kennesaw State","23.49"
"198",2015,"Idaho State","21.69"
"199",2015,"Columbia","21.24"
"200",2015,"New Hampshire","21.17"
"201",2015,"Prairie View","20.76"
"202",2015,"East Tennessee State","20.07"
"203",2015,"Weber State","19.80"
"204",2015,"Liberty","19.57"
"205",2015,"Wofford","19.48"
"206",2015,"Jacksonville","18.58"
"207",2015,"Brown","16.92"
"208",2015,"Western Carolina","15.77"
"209",2015,"Davidson","15.67"
"210",2015,"William & Mary","15.65"
"211",2015,"Florida A&M","15.60"
"212",2015,"Incarnate Word","15.59"
"213",2015,"North Carolina Central","14.26"
"214",2015,"Alabama A&M","13.33"
"215",2015,"Montana State","11.86"
"216",2015,"Butler","9.96"
"217",2015,"Gardner-Webb","8.58"
"218",2015,"Monmouth","7.93"
"219",2015,"Holy Cross","7.45"
"220",2015,"Drake","7.43"
"221",2015,"Maine","7.24"
"222",2015,"Southern Utah","6.66"
"223",2015,"UC Davis","6.66"
"224",2015,"Stetson","6.66"
"225",2015,"Lehigh","6.66"
"226",2015,"Arkansas-Pine Bluff","6.66"
"227",2015,"South Dakota","3.36"
"228",2015,"Robert Morris","3.06"
"229",2015,"Dartmouth","2.96"
"230",2015,"Marist","2.63"
"231",2015,"Howard","2.22"
"232",2015,"St Francis (PA)","1.74"
"233",2016,"Alabama","982.66"
"234",2016,"USC","936.86"
"235",2016,"LSU","917.72"
"236",2016,"Florida State","906.64"
"237",2016,"Ohio State","902.46"
"238",2016,"Georgia","872.00"
"239",2016,"Auburn","865.36"
"240",2016,"Michigan","852.78"
"241",2016,"Clemson","846.00"
"242",2016,"Notre Dame","842.35"
"243",2016,"Texas","838.97"
"244",2016,"UCLA","819.16"
"245",2016,"Texas A&M","814.63"
"246",2016,"Tennessee","813.92"
"247",2016,"Ole Miss","808.15"
"248",2016,"Florida","798.44"
"249",2016,"Stanford","778.45"
"250",2016,"Oklahoma","777.48"
"251",2016,"Miami","745.93"
"252",2016,"Penn State","742.52"
"253",2016,"Oregon","738.29"
"254",2016,"Michigan State","719.70"
"255",2016,"South Carolina","706.90"
"256",2016,"Washington","699.64"
"257",2016,"Arizona State","694.21"
"258",2016,"Nebraska","691.61"
"259",2016,"Arkansas","689.41"
"260",2016,"Mississippi State","679.14"
"261",2016,"North Carolina","669.61"
"262",2016,"TCU","665.53"
"263",2016,"West Virginia","654.64"
"264",2016,"Louisville","654.13"
"265",2016,"Kentucky","652.07"
"266",2016,"Maryland","651.99"
"267",2016,"Pittsburgh","649.85"
"268",2016,"Virginia Tech","646.82"
"269",2016,"Wisconsin","643.76"
"270",2016,"Missouri","633.76"
"271",2016,"Oklahoma State","631.68"
"272",2016,"Baylor","619.18"
"273",2016,"Vanderbilt","619.03"
"274",2016,"Virginia","618.91"
"275",2016,"Arizona","616.31"
"276",2016,"NC State","616.29"
"277",2016,"Northwestern","613.55"
"278",2016,"Texas Tech","604.93"
"279",2016,"California","601.17"
"280",2016,"Duke","599.82"
"281",2016,"Rutgers","585.47"
"282",2016,"Georgia Tech","582.55"
"283",2016,"Utah","580.07"
"284",2016,"Houston","572.70"
"285",2016,"Indiana","565.47"
"286",2016,"South Florida","563.99"
"287",2016,"Iowa","558.73"
"288",2016,"Iowa State","552.17"
"289",2016,"Boise State","548.82"
"290",2016,"Cincinnati","541.58"
"291",2016,"Minnesota","535.44"
"292",2016,"Boston College","533.39"
"293",2016,"BYU","529.05"
"294",2016,"Colorado","526.39"
"295",2016,"Oregon State","524.89"
"296",2016,"Illinois","523.91"
"297",2016,"Washington State","522.58"
"298",2016,"Syracuse","520.26"
"299",2016,"Wake Forest","517.63"
"300",2016,"Purdue","512.72"
"301",2016,"UCF","510.27"
"302",2016,"Kansas State","505.29"
"303",2016,"Temple","492.72"
"304",2016,"Kansas","491.00"
"305",2016,"Marshall","485.46"
"306",2016,"San Diego State","482.31"
"307",2016,"SMU","474.03"
"308",2016,"Arkansas State","471.45"
"309",2016,"Toledo","460.86"
"310",2016,"Louisiana Tech","451.38"
"311",2016,"Memphis","451.24"
"312",2016,"Akron","443.73"
"313",2016,"Western Michigan","443.16"
"314",2016,"East Carolina","442.26"
"315",2016,"Southern Mississippi","441.29"
"316",2016,"San José State","437.36"
"317",2016,"Middle Tennessee","436.60"
"318",2016,"Georgia Southern","435.33"
"319",2016,"Connecticut","423.56"
"320",2016,"Louisiana","421.37"
"321",2016,"Miami (OH)","418.04"
"322",2016,"Colorado State","412.28"
"323",2016,"Tulsa","409.17"
"324",2016,"Florida Atlantic","408.40"
"325",2016,"Fresno State","404.97"
"326",2016,"Northern Illinois","403.27"
"327",2016,"Western Kentucky","401.82"
"328",2016,"UT San Antonio","397.64"
"329",2016,"Rice","394.83"
"330",2016,"Bowling Green","392.66"
"331",2016,"Central Michigan","391.81"
"332",2016,"Troy","390.47"
"333",2016,"Nevada","389.56"
"334",2016,"South Alabama","389.36"
"335",2016,"Tulane","388.04"
"336",2016,"New Mexico","387.26"
"337",2016,"Hawai'i","384.97"
"338",2016,"UNLV","376.26"
"339",2016,"Ohio","372.56"
"340",2016,"UMass","370.90"
"341",2016,"Ball State","365.94"
"342",2016,"Florida International","362.84"
"343",2016,"Utah State","357.13"
"344",2016,"Texas State","351.76"
"345",2016,"North Texas","351.58"
"346",2016,"Eastern Michigan","347.70"
"347",2016,"Old Dominion","347.20"
"348",2016,"Buffalo","343.64"
"349",2016,"Navy","342.77"
"350",2016,"Kent State","334.01"
"351",2016,"Appalachian State","333.36"
"352",2016,"Charlotte","330.55"
"353",2016,"Louisiana Monroe","322.82"
"354",2016,"Georgia State","321.79"
"355",2016,"Wyoming","316.18"
"356",2016,"UTEP","290.40"
"357",2016,"New Mexico State","267.66"
"358",2016,"Idaho","256.78"
"359",2016,"Jacksonville State","254.26"
"360",2016,"Eastern Kentucky","184.88"
"361",2016,"Yale","165.17"
"362",2016,"Northern Iowa","164.16"
"363",2016,"Portland State","154.68"
"364",2016,"Army","131.74"
"365",2016,"Youngstown State","130.84"
"366",2016,"James Madison","128.58"
"367",2016,"Southern Illinois","123.69"
"368",2016,"Southeastern Louisiana","121.61"
"369",2016,"Chattanooga","119.20"
"370",2016,"Eastern Illinois","119.04"
"371",2016,"Wagner","118.43"
"372",2016,"Stony Brook","118.15"
"373",2016,"Duquesne","116.15"
"374",2016,"UT Martin","107.98"
"375",2016,"Northern Arizona","104.38"
"376",2016,"Illinois State","102.21"
"377",2016,"Hampton","99.46"
"378",2016,"Towson","95.18"
"379",2016,"Samford","94.57"
"380",2016,"Grambling","93.31"
"381",2016,"Cal Poly","91.73"
"382",2016,"Nicholls","89.59"
"383",2016,"Jackson State","86.85"
"384",2016,"Montana","83.10"
"385",2016,"North Dakota State","81.65"
"386",2016,"Stephen F. Austin","80.33"
"387",2016,"Western Illinois","78.62"
"388",2016,"Southeast Missouri State","76.33"
"389",2016,"South Carolina State","75.71"
"390",2016,"Coastal Carolina","71.67"
"391",2016,"McNeese","69.85"
"392",2016,"Southern Utah","68.79"
"393",2016,"Prairie View","67.68"
"394",2016,"Norfolk State","67.07"
"395",2016,"Furman","66.86"
"396",2016,"Charleston Southern","65.60"
"397",2016,"Montana State","64.33"
"398",2016,"Bethune-Cookman","63.39"
"399",2016,"Murray State","62.79"
"400",2016,"Central Arkansas","62.11"
"401",2016,"Houston Baptist","61.17"
"402",2016,"Pennsylvania","60.95"
"403",2016,"Mercer","57.71"
"404",2016,"Kennesaw State","54.76"
"405",2016,"Weber State","54.68"
"406",2016,"Alabama State","53.46"
"407",2016,"Tennessee Tech","53.00"
"408",2016,"Richmond","51.95"
"409",2016,"Tennessee State","51.82"
"410",2016,"Southern","46.97"
"411",2016,"Sacramento State","45.18"
"412",2016,"Eastern Washington","45.10"
"413",2016,"Austin Peay","44.67"
"414",2016,"Air Force","44.58"
"415",2016,"Texas Southern","43.86"
"416",2016,"Lamar","43.84"
"417",2016,"Indiana State","43.84"
"418",2016,"William & Mary","43.54"
"419",2016,"Presbyterian College","41.40"
"420",2016,"Rhode Island","41.24"
"421",2016,"Campbell","40.68"
"422",2016,"Alcorn State","39.30"
"423",2016,"The Citadel","37.64"
"424",2016,"Fordham","36.98"
"425",2016,"Princeton","36.73"
"426",2016,"Monmouth","35.77"
"427",2016,"South Dakota","32.89"
"428",2016,"Northwestern State","32.06"
"429",2016,"VMI","31.43"
"430",2016,"East Tennessee State","31.35"
"431",2016,"Valparaiso","29.84"
"432",2016,"Northern Colorado","29.66"
"433",2016,"Drake","27.37"
"434",2016,"Robert Morris","26.70"
"435",2016,"Alabama A&M","26.31"
"436",2016,"Idaho State","25.18"
"437",2016,"Villanova","23.98"
"438",2016,"Savannah State","23.51"
"439",2016,"Maine","23.37"
"440",2016,"Delaware State","22.84"
"441",2016,"Gardner-Webb","22.66"
"442",2016,"Butler","21.56"
"443",2016,"Columbia","21.24"
"444",2016,"Liberty","21.04"
"445",2016,"Abilene Christian","19.77"
"446",2016,"Wofford","19.48"
"447",2016,"Sacred Heart","19.44"
"448",2016,"Harvard","17.28"
"449",2016,"Brown","16.92"
"450",2016,"Florida A&M","16.64"
"451",2016,"Cornell","15.89"
"452",2016,"Dayton","14.99"
"453",2016,"Holy Cross","14.75"
"454",2016,"Western Carolina","13.67"
"455",2016,"Jacksonville","13.41"
"456",2016,"North Carolina Central","13.15"
"457",2016,"Missouri State","12.70"
"458",2016,"Georgetown","12.60"
"459",2016,"New Hampshire","11.21"
"460",2016,"Stetson","9.99"
"461",2016,"Howard","7.53"
"462",2016,"Lehigh","6.66"
"463",2016,"Central Connecticut","6.66"
"464",2016,"San Diego","6.66"
"465",2016,"Morehead State","6.66"
"466",2016,"Arkansas-Pine Bluff","6.66"
"467",2016,"Bryant","6.24"
"468",2016,"North Carolina A&T","3.81"
"469",2016,"St Francis (PA)","1.74"
"470",2017,"Alabama","997.57"
"471",2017,"Ohio State","959.12"
"472",2017,"USC","934.00"
"473",2017,"Georgia","930.34"
"474",2017,"Florida State","924.97"
"475",2017,"LSU","907.10"
"476",2017,"Michigan","874.28"
"477",2017,"Auburn","867.43"
"478",2017,"Clemson","853.65"
"479",2017,"Notre Dame","837.71"
"480",2017,"UCLA","830.58"
"481",2017,"Tennessee","817.34"
"482",2017,"Texas","811.03"
"483",2017,"Stanford","810.31"
"484",2017,"Texas A&M","807.27"
"485",2017,"Oklahoma","801.67"
"486",2017,"Ole Miss","795.70"
"487",2017,"Florida","793.83"
"488",2017,"Penn State","779.26"
"489",2017,"Miami","749.08"
"490",2017,"Arizona State","720.44"
"491",2017,"Oregon","720.23"
"492",2017,"Arkansas","717.01"
"493",2017,"Washington","706.52"
"494",2017,"South Carolina","702.52"
"495",2017,"Mississippi State","701.06"
"496",2017,"North Carolina","697.54"
"497",2017,"Maryland","696.21"
"498",2017,"Nebraska","693.46"
"499",2017,"Michigan State","680.94"
"500",2017,"TCU","672.81"
"501",2017,"Kentucky","671.45"
"502",2017,"Virginia Tech","662.18"
"503",2017,"Pittsburgh","660.36"
"504",2017,"Baylor","657.22"
"505",2017,"Louisville","640.98"
"506",2017,"Wisconsin","639.76"
"507",2017,"Oklahoma State","633.57"
"508",2017,"Utah","630.95"
"509",2017,"Duke","627.62"
"510",2017,"Northwestern","627.54"
"511",2017,"Missouri","623.33"
"512",2017,"West Virginia","613.18"
"513",2017,"NC State","609.76"
"514",2017,"Vanderbilt","607.68"
"515",2017,"Arizona","607.31"
"516",2017,"Virginia","603.88"
"517",2017,"California","603.06"
"518",2017,"Iowa","592.95"
"519",2017,"Texas Tech","574.93"
"520",2017,"Rutgers","574.78"
"521",2017,"Georgia Tech","574.35"
"522",2017,"BYU","574.09"
"523",2017,"UCF","571.52"
"524",2017,"Colorado","568.59"
"525",2017,"Iowa State","559.34"
"526",2017,"Houston","558.72"
"527",2017,"Oregon State","557.02"
"528",2017,"South Florida","554.17"
"529",2017,"Washington State","549.42"
"530",2017,"Indiana","547.92"
"531",2017,"Minnesota","543.80"
"532",2017,"Syracuse","539.60"
"533",2017,"Illinois","538.83"
"534",2017,"Boston College","535.21"
"535",2017,"Wake Forest","527.21"
"536",2017,"Kansas State","517.85"
"537",2017,"Kansas","512.24"
"538",2017,"Memphis","504.49"
"539",2017,"Purdue","502.71"
"540",2017,"Boise State","501.53"
"541",2017,"Cincinnati","500.95"
"542",2017,"SMU","492.63"
"543",2017,"East Carolina","471.10"
"544",2017,"Florida Atlantic","470.88"
"545",2017,"Temple","468.29"
"546",2017,"Marshall","445.48"
"547",2017,"Colorado State","441.98"
"548",2017,"Arkansas State","436.05"
"549",2017,"Tulsa","422.77"
"550",2017,"Connecticut","420.17"
"551",2017,"San Diego State","419.43"
"552",2017,"Western Michigan","414.35"
"553",2017,"Miami (OH)","413.24"
"554",2017,"Tulane","396.43"
"555",2017,"Louisiana Tech","394.31"
"556",2017,"Southern Mississippi","394.24"
"557",2017,"South Alabama","387.88"
"558",2017,"Central Michigan","387.20"
"559",2017,"San José State","378.56"
"560",2017,"Navy","376.20"
"561",2017,"Fresno State","374.63"
"562",2017,"Northern Illinois","373.99"
"563",2017,"UMass","367.59"
"564",2017,"Toledo","366.47"
"565",2017,"Georgia Southern","365.57"
"566",2017,"Georgia State","364.16"
"567",2017,"Bowling Green","361.82"
"568",2017,"Troy","352.10"
"569",2017,"Rice","345.79"
"570",2017,"Middle Tennessee","344.65"
"571",2017,"New Mexico","344.64"
"572",2017,"Nevada","341.11"
"573",2017,"Akron","337.11"
"574",2017,"Appalachian State","335.87"
"575",2017,"Florida International","334.18"
"576",2017,"Western Kentucky","332.17"
"577",2017,"Old Dominion","331.20"
"578",2017,"UNLV","331.18"
"579",2017,"Hawai'i","330.56"
"580",2017,"Utah State","330.20"
"581",2017,"Louisiana","329.24"
"582",2017,"Ohio","326.14"
"583",2017,"Ball State","318.17"
"584",2017,"Louisiana Monroe","303.96"
"585",2017,"North Texas","303.13"
"586",2017,"Buffalo","294.08"
"587",2017,"Eastern Michigan","292.11"
"588",2017,"UT San Antonio","291.62"
"589",2017,"Kent State","288.56"
"590",2017,"Charlotte","283.01"
"591",2017,"Wyoming","277.07"
"592",2017,"Texas State","274.67"
"593",2017,"UTEP","264.42"
"594",2017,"New Mexico State","233.47"
"595",2017,"Idaho","184.75"
"596",2017,"James Madison","179.50"
"597",2017,"UAB","170.05"
"598",2017,"Portland State","147.63"
"599",2017,"Coastal Carolina","119.43"
"600",2017,"Stony Brook","111.94"
"601",2017,"Towson","106.93"
"602",2017,"Army","88.72"
"603",2017,"Montana","80.03"
"604",2017,"Cal Poly","76.98"
"605",2017,"Charleston Southern","72.38"
"606",2017,"Richmond","71.64"
"607",2017,"Kennesaw State","70.97"
"608",2017,"Northern Arizona","69.20"
"609",2017,"Rhode Island","65.72"
"610",2017,"Weber State","51.74"
"611",2017,"Sacramento State","46.67"
"612",2017,"William & Mary","40.05"
"613",2017,"Maine","38.99"
"614",2017,"Southern Utah","33.11"
"615",2017,"Northern Colorado","32.58"
"616",2017,"Montana State","26.40"
"617",2017,"Gardner-Webb","23.01"
"618",2017,"Monmouth","21.44"
"619",2017,"Air Force","21.10"
"620",2017,"Eastern Washington","19.95"
"621",2017,"Liberty","19.85"
"622",2017,"Idaho State","15.22"
"623",2017,"Presbyterian College","14.91"
"624",2017,"Elon","13.41"
"625",2017,"Villanova","11.65"
"626",2017,"New Hampshire","11.21"
"627",2018,"Ohio State","984.30"
"628",2018,"Alabama","978.54"
"629",2018,"Georgia","964.00"
"630",2018,"USC","933.65"
"631",2018,"Clemson","893.21"
"632",2018,"LSU","889.91"
"633",2018,"Florida State","888.75"
"634",2018,"Michigan","862.35"
"635",2018,"Texas","861.20"
"636",2018,"Notre Dame","847.85"
"637",2018,"Oklahoma","843.79"
"638",2018,"Penn State","834.24"
"639",2018,"Florida","831.78"
"640",2018,"Auburn","827.37"
"641",2018,"Tennessee","826.98"
"642",2018,"Texas A&M","805.66"
"643",2018,"Stanford","786.63"
"644",2018,"Washington","772.88"
"645",2018,"UCLA","754.31"
"646",2018,"Miami","753.72"
"647",2018,"South Carolina","749.98"
"648",2018,"Ole Miss","734.00"
"649",2018,"Mississippi State","729.97"
"650",2018,"Maryland","725.94"
"651",2018,"Nebraska","711.22"
"652",2018,"Oregon","695.81"
"653",2018,"Arkansas","694.63"
"654",2018,"North Carolina","688.48"
"655",2018,"Arizona State","687.72"
"656",2018,"Virginia Tech","675.71"
"657",2018,"TCU","671.88"
"658",2018,"Kentucky","670.27"
"659",2018,"Baylor","668.37"
"660",2018,"Michigan State","658.85"
"661",2018,"Wisconsin","653.50"
"662",2018,"West Virginia","646.91"
"663",2018,"Oklahoma State","645.01"
"664",2018,"Pittsburgh","637.96"
"665",2018,"Duke","635.63"
"666",2018,"Louisville","632.22"
"667",2018,"NC State","629.39"
"668",2018,"Iowa","615.08"
"669",2018,"Vanderbilt","611.99"
"670",2018,"Northwestern","608.89"
"671",2018,"California","596.08"
"672",2018,"Missouri","595.14"
"673",2018,"Utah","594.60"
"674",2018,"Minnesota","588.97"
"675",2018,"Georgia Tech","583.49"
"676",2018,"Arizona","580.54"
"677",2018,"Houston","577.17"
"678",2018,"Iowa State","575.76"
"679",2018,"Colorado","575.65"
"680",2018,"Syracuse","570.20"
"681",2018,"UCF","568.35"
"682",2018,"BYU","565.85"
"683",2018,"Indiana","564.04"
"684",2018,"Illinois","562.67"
"685",2018,"Texas Tech","561.59"
"686",2018,"Rutgers","555.24"
"687",2018,"Washington State","554.77"
"688",2018,"South Florida","548.62"
"689",2018,"Kansas State","547.43"
"690",2018,"Cincinnati","543.78"
"691",2018,"Boise State","543.43"
"692",2018,"Virginia","542.40"
"693",2018,"Florida Atlantic","537.93"
"694",2018,"Oregon State","535.36"
"695",2018,"Boston College","533.43"
"696",2018,"Wake Forest","525.48"
"697",2018,"Purdue","520.48"
"698",2018,"Kansas","517.10"
"699",2018,"SMU","485.46"
"700",2018,"Memphis","480.07"
"701",2018,"Colorado State","479.97"
"702",2018,"Temple","478.30"
"703",2018,"Louisiana Tech","477.50"
"704",2018,"Florida International","476.52"
"705",2018,"San Diego State","472.60"
"706",2018,"Toledo","463.96"
"707",2018,"Fresno State","459.07"
"708",2018,"Marshall","451.61"
"709",2018,"Tulane","445.36"
"710",2018,"Western Michigan","442.29"
"711",2018,"East Carolina","434.48"
"712",2018,"Arkansas State","433.73"
"713",2018,"Nevada","432.40"
"714",2018,"Northern Illinois","432.31"
"715",2018,"San José State","430.62"
"716",2018,"Miami (OH)","421.22"
"717",2018,"Middle Tennessee","414.19"
"718",2018,"Central Michigan","413.60"
"719",2018,"New Mexico","411.95"
"720",2018,"UT San Antonio","405.20"
"721",2018,"Georgia State","404.34"
"722",2018,"UNLV","400.76"
"723",2018,"South Alabama","394.24"
"724",2018,"Connecticut","389.20"
"725",2018,"UMass","388.91"
"726",2018,"UAB","387.71"
"727",2018,"Southern Mississippi","387.32"
"728",2018,"Utah State","377.39"
"729",2018,"Louisiana","376.68"
"730",2018,"Bowling Green","375.14"
"731",2018,"Rice","375.12"
"732",2018,"Buffalo","369.14"
"733",2018,"North Texas","368.58"
"734",2018,"Tulsa","368.14"
"735",2018,"Ball State","362.10"
"736",2018,"Akron","361.00"
"737",2018,"Appalachian State","356.16"
"738",2018,"Western Kentucky","353.43"
"739",2018,"Troy","352.36"
"740",2018,"Kent State","351.73"
"741",2018,"Navy","349.26"
"742",2018,"Wyoming","348.34"
"743",2018,"Ohio","346.18"
"744",2018,"UTEP","345.76"
"745",2018,"Eastern Michigan","344.06"
"746",2018,"Hawai'i","343.97"
"747",2018,"Old Dominion","333.18"
"748",2018,"Louisiana Monroe","326.66"
"749",2018,"Charlotte","311.00"
"750",2018,"Georgia Southern","303.12"
"751",2018,"Texas State","302.55"
"752",2018,"Coastal Carolina","284.24"
"753",2018,"New Mexico State","249.32"
"754",2018,"Army","230.75"
"755",2018,"Air Force","186.27"
"756",2018,"Jacksonville State","174.86"
"757",2018,"Hampton","149.11"
"758",2018,"James Madison","147.11"
"759",2018,"Southeastern Louisiana","135.64"
"760",2018,"Sam Houston State","133.13"
"761",2018,"Sam Houston State","133.13"
"762",2018,"Austin Peay","123.40"
"763",2018,"Alabama State","118.68"
"764",2018,"Duquesne","113.21"
"765",2018,"Chattanooga","112.15"
"766",2018,"Illinois State","109.44"
"767",2018,"Southern Illinois","108.59"
"768",2018,"Eastern Kentucky","107.58"
"769",2018,"Stony Brook","106.51"
"770",2018,"Montana State","98.98"
"771",2018,"UT Martin","98.34"
"772",2018,"Liberty","93.99"
"773",2018,"Idaho","87.35"
"774",2018,"Kennesaw State","86.45"
"775",2018,"Portland State","85.83"
"776",2018,"Northern Arizona","85.03"
"777",2018,"Samford","84.29"
"778",2018,"North Dakota State","83.68"
"779",2018,"Towson","83.58"
"780",2018,"Texas Southern","83.08"
"781",2018,"Tennessee State","82.27"
"782",2018,"Richmond","82.20"
"783",2018,"Delaware","79.23"
"784",2018,"Youngstown State","70.45"
"785",2018,"Grambling","69.99"
"786",2018,"Southeast Missouri State","69.85"
"787",2018,"Western Illinois","66.84"
"788",2018,"Nicholls","66.08"
"789",2018,"Rhode Island","62.64"
"790",2018,"Bethune-Cookman","61.90"
"791",2018,"Furman","59.57"
"792",2018,"Campbell","58.46"
"793",2018,"Norfolk State","56.44"
"794",2018,"Missouri State","53.43"
"795",2018,"Weber State","51.74"
"796",2018,"Charleston Southern","51.01"
"797",2018,"Montana","49.16"
"798",2018,"Prairie View","47.10"
"799",2018,"Stephen F. Austin","46.25"
"800",2018,"McNeese","43.55"
"801",2018,"Abilene Christian","43.10"
"802",2018,"North Carolina A&T","39.98"
"803",2018,"Florida A&M","39.57"
"804",2018,"Murray State","37.82"
"805",2018,"Cal Poly","37.28"
"806",2018,"Western Carolina","35.54"
"807",2018,"Morgan State","35.38"
"808",2018,"East Tennessee State","35.09"
"809",2018,"Northern Iowa","34.70"
"810",2018,"Wagner","32.77"
"811",2018,"Butler","31.53"
"812",2018,"Albany","31.53"
"813",2018,"North Carolina Central","31.00"
"814",2018,"North Alabama","30.02"
"815",2018,"The Citadel","29.01"
"816",2018,"South Dakota State","28.73"
"817",2018,"William & Mary","28.69"
"818",2018,"Monmouth","28.13"
"819",2018,"Tennessee Tech","27.77"
"820",2018,"Princeton","27.29"
"821",2018,"South Carolina State","27.01"
"822",2018,"Houston Baptist","26.80"
"823",2018,"Bryant","24.33"
"824",2018,"North Dakota","23.99"
"825",2018,"Indiana State","23.88"
"826",2018,"Central Arkansas","23.59"
"827",2018,"Incarnate Word","23.03"
"828",2018,"South Dakota","22.43"
"829",2018,"Southern","22.25"
"830",2018,"Delaware State","21.32"
"831",2018,"Northwestern State","20.95"
"832",2018,"Idaho State","20.50"
"833",2018,"Sacramento State","20.45"
"834",2018,"Alcorn State","20.41"
"835",2018,"Eastern Washington","19.95"
"836",2018,"Sacred Heart","19.62"
"837",2018,"Maine","18.93"
"838",2018,"Howard","17.60"
"839",2018,"Jacksonville","17.49"
"840",2018,"Fordham","15.33"
"841",2018,"Jackson State","14.46"
"842",2018,"Gardner-Webb","14.11"
"843",2018,"Mercer","13.96"
"844",2018,"Lamar","13.91"
"845",2018,"Cornell","13.71"
"846",2018,"Northern Colorado","13.41"
"847",2018,"Stetson","13.33"
"848",2018,"Harvard","13.33"
"849",2018,"St Francis (PA)","13.00"
"850",2018,"VMI","11.90"
"851",2018,"Southern Utah","11.84"
"852",2018,"Georgetown","11.10"
"853",2018,"Drake","11.10"
"854",2018,"Robert Morris","9.24"
"855",2018,"Arkansas-Pine Bluff","8.98"
"856",2018,"Dayton","8.88"
"857",2018,"Holy Cross","7.31"
"858",2018,"Central Connecticut","7.09"
"859",2018,"Eastern Illinois","6.75"
"860",2018,"Lehigh","6.66"
"861",2018,"Elon","6.66"
"862",2018,"Marist","4.44"
"863",2018,"Yale","3.30"
"864",2019,"Alabama","984.96"
"865",2019,"Ohio State","973.56"
"866",2019,"Georgia","960.16"
"867",2019,"USC","915.56"
"868",2019,"LSU","906.17"
"869",2019,"Florida State","878.07"
"870",2019,"Texas","877.91"
"871",2019,"Oklahoma","869.53"
"872",2019,"Clemson","863.03"
"873",2019,"Penn State","857.34"
"874",2019,"Michigan","853.40"
"875",2019,"Texas A&M","848.89"
"876",2019,"Auburn","843.93"
"877",2019,"Notre Dame","843.29"
"878",2019,"Florida","835.68"
"879",2019,"Tennessee","830.34"
"880",2019,"Oregon","817.70"
"881",2019,"Miami","815.12"
"882",2019,"Washington","801.33"
"883",2019,"Stanford","787.59"
"884",2019,"South Carolina","762.68"
"885",2019,"UCLA","741.40"
"886",2019,"Mississippi State","732.68"
"887",2019,"Nebraska","729.47"
"888",2019,"Ole Miss","717.92"
"889",2019,"Arkansas","707.72"
"890",2019,"Maryland","703.94"
"891",2019,"North Carolina","697.75"
"892",2019,"Virginia Tech","696.39"
"893",2019,"TCU","691.63"
"894",2019,"Michigan State","688.74"
"895",2019,"Arizona State","686.44"
"896",2019,"Wisconsin","675.80"
"897",2019,"Kentucky","672.74"
"898",2019,"Baylor","668.90"
"899",2019,"NC State","668.85"
"900",2019,"Illinois","661.73"
"901",2019,"Louisville","645.84"
"902",2019,"Oklahoma State","644.42"
"903",2019,"Missouri","642.83"
"904",2019,"West Virginia","639.11"
"905",2019,"Pittsburgh","637.95"
"906",2019,"Iowa","637.65"
"907",2019,"Duke","633.24"
"908",2019,"Georgia Tech","629.10"
"909",2019,"Minnesota","621.36"
"910",2019,"Utah","620.35"
"911",2019,"Colorado","614.27"
"912",2019,"Northwestern","612.62"
"913",2019,"California","611.58"
"914",2019,"Purdue","607.40"
"915",2019,"Vanderbilt","605.06"
"916",2019,"Indiana","603.81"
"917",2019,"UCF","598.57"
"918",2019,"Houston","597.62"
"919",2019,"Iowa State","597.15"
"920",2019,"Oregon State","595.50"
"921",2019,"Rutgers","587.28"
"922",2019,"Virginia","580.28"
"923",2019,"Texas Tech","577.21"
"924",2019,"Cincinnati","576.61"
"925",2019,"Syracuse","574.82"
"926",2019,"Arizona","570.07"
"927",2019,"SMU","565.15"
"928",2019,"Boston College","564.95"
"929",2019,"Wake Forest","563.24"
"930",2019,"Boise State","561.42"
"931",2019,"BYU","560.78"
"932",2019,"South Florida","559.66"
"933",2019,"Washington State","556.27"
"934",2019,"Memphis","551.97"
"935",2019,"Kansas State","543.49"
"936",2019,"Florida International","532.88"
"937",2019,"Kansas","528.62"
"938",2019,"Florida Atlantic","524.02"
"939",2019,"Colorado State","518.83"
"940",2019,"San Diego State","504.19"
"941",2019,"Louisiana Tech","501.25"
"942",2019,"Marshall","489.63"
"943",2019,"Temple","489.03"
"944",2019,"Tulane","486.98"
"945",2019,"Western Kentucky","486.97"
"946",2019,"Fresno State","482.79"
"947",2019,"UT San Antonio","471.36"
"948",2019,"East Carolina","468.23"
"949",2019,"UNLV","462.72"
"950",2019,"Nevada","461.96"
"951",2019,"North Texas","457.24"
"952",2019,"Southern Mississippi","456.29"
"953",2019,"Western Michigan","452.05"
"954",2019,"Toledo","451.43"
"955",2019,"Middle Tennessee","450.79"
"956",2019,"Arkansas State","447.87"
"957",2019,"UAB","441.81"
"958",2019,"San José State","433.33"
"959",2019,"Tulsa","424.54"
"960",2019,"Utah State","424.16"
"961",2019,"Hawai'i","420.99"
"962",2019,"Central Michigan","416.63"
"963",2019,"Connecticut","412.55"
"964",2019,"Appalachian State","412.32"
"965",2019,"Georgia Southern","411.80"
"966",2019,"Louisiana","406.49"
"967",2019,"New Mexico","401.90"
"968",2019,"Northern Illinois","397.98"
"969",2019,"Wyoming","397.90"
"970",2019,"Rice","397.04"
"971",2019,"Troy","388.67"
"972",2019,"Charlotte","386.38"
"973",2019,"South Alabama","381.38"
"974",2019,"Old Dominion","374.74"
"975",2019,"Georgia State","369.05"
"976",2019,"Miami (OH)","359.14"
"977",2019,"UMass","358.88"
"978",2019,"UTEP","355.31"
"979",2019,"Texas State","348.47"
"980",2019,"Louisiana Monroe","346.03"
"981",2019,"Ohio","337.17"
"982",2019,"Navy","335.40"
"983",2019,"Ball State","327.92"
"984",2019,"Eastern Michigan","317.49"
"985",2019,"Bowling Green","315.44"
"986",2019,"Kent State","313.22"
"987",2019,"Akron","312.81"
"988",2019,"Coastal Carolina","305.73"
"989",2019,"Buffalo","284.74"
"990",2019,"New Mexico State","269.79"
"991",2019,"Army","265.19"
"992",2019,"Sam Houston State","184.58"
"993",2019,"Southeastern Louisiana","178.38"
"994",2019,"Nicholls","155.75"
"995",2019,"Chattanooga","155.43"
"996",2019,"Liberty","153.48"
"997",2019,"Air Force","151.86"
"998",2019,"Alabama State","136.54"
"999",2019,"Towson","135.03"
"1000",2019,"Duquesne","129.11"
"1001",2019,"Montana State","120.95"
"1002",2019,"Illinois State","119.34"
"1003",2019,"James Madison","110.76"
"1004",2019,"Jacksonville State","108.58"
"1005",2019,"Hampton","104.67"
"1006",2019,"Samford","97.76"
"1007",2019,"Campbell","96.70"
"1008",2019,"Murray State","96.00"
"1009",2019,"Richmond","95.66"
"1010",2019,"UT Martin","93.72"
"1011",2019,"Tennessee State","92.64"
"1012",2019,"Stephen F. Austin","91.75"
"1013",2019,"Idaho","87.17"
"1014",2019,"Kennesaw State","86.45"
"1015",2019,"McNeese","86.21"
"1016",2019,"Eastern Kentucky","86.14"
"1017",2019,"Southeast Missouri State","83.35"
"1018",2019,"Delaware","77.11"
"1019",2019,"Western Illinois","70.98"
"1020",2019,"William & Mary","70.28"
"1021",2019,"Southern Illinois","69.80"
"1022",2019,"North Carolina A&T","69.44"
"1023",2019,"Florida A&M","69.36"
"1024",2019,"Youngstown State","67.72"
"1025",2019,"Northwestern State","67.50"
"1026",2019,"Grambling","67.45"
"1027",2019,"Stony Brook","66.41"
"1028",2019,"Montana","65.83"
"1029",2019,"East Tennessee State","61.69"
"1030",2019,"Bethune-Cookman","60.90"
"1031",2019,"Austin Peay","58.68"
"1032",2019,"Weber State","53.55"
"1033",2019,"Norfolk State","52.48"
"1034",2019,"Southern","52.19"
"1035",2019,"North Dakota State","50.79"
"1036",2019,"Incarnate Word","47.36"
"1037",2019,"Abilene Christian","46.84"
"1038",2019,"Missouri State","44.24"
"1039",2019,"Jackson State","44.19"
"1040",2019,"North Alabama","43.90"
"1041",2019,"North Carolina Central","43.62"
"1042",2019,"South Dakota","42.81"
"1043",2019,"Prairie View","42.01"
"1044",2019,"Lamar","41.39"
"1045",2019,"Tennessee Tech","41.07"
"1046",2019,"Albany","40.43"
"1047",2019,"Texas Southern","40.03"
"1048",2019,"Idaho State","39.63"
"1049",2019,"Central Arkansas","38.51"
"1050",2019,"Fordham","38.15"
"1051",2019,"Northern Iowa","37.29"
"1052",2019,"Southern Utah","35.09"
"1053",2019,"Northern Arizona","35.00"
"1054",2019,"South Carolina State","32.50"
"1055",2019,"Charleston Southern","32.36"
"1056",2019,"Portland State","30.88"
"1057",2019,"Maine","30.23"
"1058",2019,"Alcorn State","29.54"
"1059",2019,"Arkansas-Pine Bluff","29.07"
"1060",2019,"Cal Poly","28.91"
"1061",2019,"Princeton","27.29"
"1062",2019,"Robert Morris","26.82"
"1063",2019,"Houston Baptist","26.80"
"1064",2019,"Eastern Illinois","24.67"
"1065",2019,"Indiana State","24.51"
"1066",2019,"Furman","24.31"
"1067",2019,"Morgan State","23.32"
"1068",2019,"Elon","18.77"
"1069",2019,"Sacramento State","18.35"
"1070",2019,"Wagner","17.91"
"1071",2019,"Jacksonville","17.49"
"1072",2019,"South Dakota State","17.26"
"1073",2019,"Monmouth","15.76"
"1074",2019,"Rhode Island","15.55"
"1075",2019,"Delaware State","15.41"
"1076",2019,"Sacred Heart","15.08"
"1077",2019,"Eastern Washington","14.80"
"1078",2019,"Gardner-Webb","14.72"
"1079",2019,"Lehigh","13.90"
"1080",2019,"Alabama A&M","13.54"
"1081",2019,"Northern Colorado","13.41"
"1082",2019,"North Dakota","13.24"
"1083",2019,"St Francis (PA)","13.03"
"1084",2019,"Mercer","12.14"
"1085",2019,"Butler","11.61"
"1086",2019,"Drake","11.10"
"1087",2019,"Brown","9.44"
"1088",2019,"Central Connecticut","8.93"
"1089",2019,"Western Carolina","8.58"
"1090",2019,"Wofford","7.83"
"1091",2019,"Holy Cross","7.31"
"1092",2019,"Mississippi Valley State","6.66"
"1093",2019,"Georgetown","6.66"
"1094",2019,"Bryant","6.30"
